Bud Light,Tito's,Bacardi,BMI,Perry's,IHG,T-Mobile
,Denzel Curry<br>Size: Small<br>Genre: Rap,TOKiMONSTA<br>Size: Small<br>Genre: Edm,Lauren Spencer-Smith<br>Size: Small<br>Genre: Pop,Men I Trust<br>Size: Small<br>Genre: Indie,,
Audrey Mika<br>Size: Small<br>Genre: Pop,,,,,,
,,Lil Baby<br>Size: Medium<br>Genre: Rap,,,,
,Audrey Mika<br>Size: Small<br>Genre: Pop,,Eggy<br>Size: Small<br>Genre: Indie,Post Malone<br>Size: Medium<br>Genre: Rap,,Lauren Spencer-Smith<br>Size: Small<br>Genre: Pop
Bob Moses<br>Size: Small<br>Genre: Edm,,GoldLink<br>Size: Small<br>Genre: Rap,,,Post Malone<br>Size: Medium<br>Genre: Rap,
,GoldLink<br>Size: Small<br>Genre: Rap,,Julia Michaels<br>Size: Medium<br>Genre: Pop,Ice Spice<br>Size: Medium<br>Genre: Pop,,Saba<br>Size: Small<br>Genre: Rap
Gesaffelstein<br>Size: Medium<br>Genre: Edm,,IDK<br>Size: Small<br>Genre: Rap,,,The Marias<br>Size: Medium<br>Genre: Indie,
,The Marias<br>Size: Medium<br>Genre: Indie,,Lauren Spencer-Smith<br>Size: Small<br>Genre: Pop,,,Rex Orange County<br>Size: Medium<br>Genre: Indie
Hozier<br>Size: Large<br>Genre: Indie,,Kygo<br>Size: Medium<br>Genre: Edm,,Noah Kahan<br>Size: Large<br>Genre: Indie,,
,dodie<br>Size: Medium<br>Genre: Pop,,,,,"Tyler, The Creator<br>Size: Large<br>Genre: Rap"
Martin Garrix<br>Size: Large<br>Genre: Edm,,Beyoncé<br>Size: Large<br>Genre: Pop,Harry Styles<br>Size: Large<br>Genre: Pop,,Armin van Buuren<br>Size: Large<br>Genre: Edm,
